-- phpMyAdmin SQL Dump
-- version 4.8.3
-- https://www.phpmyadmin.net/
--
-- Host: 127.0.0.1
-- Generation Time: Apr 11, 2019 at 06:41 PM
-- Server version: 10.1.36-MariaDB
-- PHP Version: 5.6.38

SET SQL_MODE = "NO_AUTO_VALUE_ON_ZERO";
SET AUTOCOMMIT = 0;
START TRANSACTION;
SET time_zone = "+00:00";


/*!40101 SET @OLD_CHARACTER_SET_CLIENT=@@CHARACTER_SET_CLIENT */;
/*!40101 SET @OLD_CHARACTER_SET_RESULTS=@@CHARACTER_SET_RESULTS */;
/*!40101 SET @OLD_COLLATION_CONNECTION=@@COLLATION_CONNECTION */;
/*!40101 SET NAMES utf8mb4 */;

--
-- Database: `dental`
--

-- --------------------------------------------------------

--
-- Table structure for table `appointments`
--

CREATE TABLE `appointments` (
  `id` int(255) NOT NULL,
  `name` varchar(255) NOT NULL,
  `email` varchar(255) NOT NULL,
  `userid` varchar(255) NOT NULL,
  `date` date NOT NULL,
  `time` time NOT NULL,
  `appointmentfor` varchar(255) NOT NULL,
  `status` varchar(100) NOT NULL,
  `phone` text NOT NULL,
  `doctorName` text NOT NULL,
  `fees` int(100) NOT NULL,
  `payment` varchar(11) NOT NULL,
  `discountap` int(100) NOT NULL
) ENGINE=InnoDB DEFAULT CHARSET=latin1;

--
-- Dumping data for table `appointments`
--

INSERT INTO `appointments` (`id`, `name`, `email`, `userid`, `date`, `time`, `appointmentfor`, `status`, `phone`, `doctorName`, `fees`, `payment`, `discountap`) VALUES
(119, 'sudhanshu', 'sm@gmail.com', '13', '2019-03-12', '09:00:00', 'Root Canal', 'approved', '88261634041', 'Dr. Ashish Gupta', 0, '0', 0),
(120, 'sudhanshu', 'sm@gmail.com', '13', '2019-03-12', '10:30:00', 'Root Canal', 'requested', '8826163041', 'Dr. Ashish Gupta', 0, '0', 0),
(121, 'sudhanshu', 'sm@gmail.com', '13', '2019-03-12', '10:30:00', 'Root Canal', 'requested', '88261634041', 'Dr. Ashish Gupta', 0, '0', 0),
(122, 'sudhanshu', 'sm@gmail.com', '13', '2019-03-12', '09:00:00', 'Root Canal', 'requested', '88261634041', 'Dr. Ashish Gupta', 0, '0', 0),
(123, 'sudhanshu', 'sm@gmail.com', '13', '2019-03-12', '10:30:00', 'Root Canal', 'approved', '88261634041', 'Dr. Ashish Gupta', 200, '0', 0),
(124, 'sudhanshu', 'sm@gmail.com', '13', '2019-03-23', '10:30:00', 'Root Canal', 'approved', '88261634041', 'Dr. Ashish Gupta', 200, 'paid', 0),
(125, 'sudhanshu', 'sm@gmail.com', '13', '2019-03-23', '10:30:00', 'Root Canal', 'requested', '88261634041', 'Dr. Ashish Gupta', 200, 'not paid', 0),
(126, 'sss', 'sm@gmail.com', '13', '2019-03-23', '10:30:00', 'Root Canal', 'approved', '88261634041', 'Dr. Vishu A Gupta', 200, 'paid', 0),
(127, 'sudhanshu', 'sm@gmail.com', '13', '2019-03-23', '10:30:00', 'Root Canal', 'requested', '88261634041', 'Dr. Ashish Gupta', 200, 'paid', 0),
(128, 'sudhanshu', 'sm@gmail.com', '13', '2019-03-24', '10:30:00', 'Root Canal', 'requested', '88261634041', 'Dr. Ashish Gupta', 200, 'paid', 0),
(129, 'sudhanshu', 'sm@gmail.com', '13', '2019-03-25', '09:00:00', 'Root Canal', 'requested', '88261634041', 'Dr. Ashish Gupta', 200, 'paid', 0),
(130, 'sudhanshu', 'sm.22.1.1999@gmail.com', '13', '2019-03-26', '10:30:00', 'Root Canal', 'Confirmed', '88261634041', 'Dr. Ashish Gupta', 200, 'not paid', 0),
(131, 'sudhanshu', 'sm@gmail.com', '13', '2019-03-28', '10:30:00', 'Root Canal', 'requested', '88261634041', 'Dr. Ashish Gupta', 200, 'not paid', 0),
(132, 'sudhanshu', 'sudhanhsu.mishra.8826@gmail.com', '13', '2019-03-30', '10:30:00', 'Root Canal', 'approved', '88261634041', 'Dr. Ashish Gupta', 200, 'not paid', 0),
(133, 'sudhanshu', 'sudhanshu.mishra.8826@gmail.com', '13', '2019-03-30', '10:30:00', 'Root Canal', 'requested', '88261634041', 'Dr. Ashish Gupta', 200, 'paid', 0),
(134, 'himanhsu', 'sudhanhsu.mishra.8826@gmail.com', '13', '2019-03-30', '10:30:00', 'Root Canal', 'approved', '88261634041', 'Dr. Ashish Gupta', 200, 'not paid', 0),
(135, 'sudhanshu', 'sudhanshu.mishra.8826@gmail.com', '13', '2019-03-30', '09:00:00', 'Root Canal', 'Rescheduled', '8826163041', 'Dr. Ashish Gupta', 200, 'paid', 0),
(136, 'kishan', 'sudhanhsu.mishra.8826@gmail.com', '13', '2019-03-30', '10:30:00', 'Cleaning', 'Confirmed', '8826163041', 'Dr. Ashish Gupta', 400, 'not paid', 0),
(137, 'sudhanshu', 'sm.22.1.1999@gmail.com', '13', '2019-03-31', '09:00:00', 'Root Canal', 'requested', '8826163041', 'Dr. Ashish Gupta', 200, 'not paid', 0),
(138, 'himansu', 'sm@gmail.com', '13', '2019-03-31', '10:30:00', 'Root Canal', 'requested', '88261634041', 'Dr. Ashish Gupta', 200, 'not paid', 0),
(139, 'sudhanshu', 'sm@gmail.com', '13', '2019-03-31', '10:30:00', 'Root Canal', 'requested', '88261634041', 'Dr. Vishu A Gupta', 200, 'not paid', 0),
(140, 'sudhanshu', 'sm@gmail.com', '13', '2019-03-31', '09:00:00', 'Root Canal', 'requested', '8826163041', 'Dr. Vishu A Gupta', 200, 'not paid', 0),
(141, 'sudhanshu', 'sm@gmail.com', '13', '2019-04-01', '10:30:00', 'Root Canal', 'requested', '8826163041', 'Dr. Ashish Gupta', 200, 'not paid', 0),
(142, 'sudhanshu', 'sm.22.1.1999@gmail.com', '13', '2019-04-03', '10:30:00', 'Dental Implants', 'requested', '8826163041', 'Dr. Ashish Gupta', 500, 'not paid', 0),
(143, 'sudhanshu', 'sm@gmail.com', '13', '2019-04-03', '07:00:00', 'Root Canal', 'requested', '8826163041', 'Dr. Ashish Gupta', 200, 'not paid', 0),
(144, 'abhi', 'sm@gmail.com', '13', '2019-04-03', '11:00:00', 'Root Canal', 'requested', '8826163041', 'Dr. Ashish Gupta', 200, 'paid', 0),
(145, 'sudhanshu', 'sm@gmail.com', '13', '2019-04-03', '11:30:00', 'Root Canal', 'requested', '8826163041', 'Dr. Ashish Gupta', 200, 'not paid', 0),
(146, 'sudhanshu', 'sm@gmail.com', '13', '2019-04-03', '12:00:00', 'Root Canal', 'requested', '8826163041', 'Dr. Ashish Gupta', 200, 'not paid', 0),
(147, 'sudhanshu', 'sm@gmail.com', '13', '2019-04-03', '12:30:00', 'Root Canal', 'requested', '8826163041', 'Dr. Ashish Gupta', 200, 'paid', 60),
(148, 'sudhanshu', 'sm@gmail.com', '13', '2019-04-04', '01:00:00', 'Root Canal', 'requested', '8826163041', 'Dr. Ashish Gupta', 200, 'not paid', 0),
(149, 's', 'sm.22.1.1999@gmail.com', '13', '2019-04-04', '11:00:00', 'Root Canal', 'requested', '8826163041', 'Dr. Ashish Gupta', 200, 'not paid', 34),
(150, 'Kishan Kumar', 'abhi@gmail.com', '12', '2019-04-06', '06:30:00', 'Root Canal', 'requested', '7065941728', 'Dr. Ashish Gupta', 200, 'paid', 0),
(151, 'Vivek Shakya', 'kkshakya1999@gmail.com', '12', '2019-04-08', '12:00:00', 'Tooth Extractions', 'approved', '7065941728', 'Dr. Ashish Gupta', 300, 'not paid', 0),
(152, 'Kishan Kumar', 'kishankumaretah@gmail.com', '12', '2019-04-07', '02:00:00', 'Cleaning', 'requested', '7065941728', 'Dr. Ashish Gupta', 400, 'not paid', 0),
(153, 'Kishan Kumar', 'abhi@gmail.com', '12', '2019-04-09', '07:00:00', 'Root Canal', 'requested', '7065941728', 'Dr. Ashish Gupta', 200, 'not paid', 0),
(154, 'Kishan Kumar', 'abhi@gmail.com', '12', '2019-04-10', '10:30:00', 'Root Canal', 'requested', '7065941728', 'Dr. Ashish Gupta', 200, 'not paid', 0),
(155, 'Kishan Kumar', 'abhi@gmail.com', '12', '2019-04-10', '07:00:00', 'Root Canal', 'approved', '7065941728', 'Dr. Ashish Gupta', 200, 'not paid', 0),
(156, 'Kishan Kumar', 'kishankumaretah@gmail.com', '12', '2019-04-12', '05:30:00', 'Tooth Extractions', 'approved', '7065941728', 'Dr. Ashish Gupta', 300, 'not paid', 0),
(157, 'Kishan Kumar', 'kishankumaretah@gmail.com', '12', '2019-04-11', '07:00:00', 'Root Canal', 'approved', '7065941728', 'Dr. Ashish Gupta', 200, 'not paid', 0);

-- --------------------------------------------------------

--
-- Table structure for table `contact`
--

CREATE TABLE `contact` (
  `uname` varchar(255) NOT NULL,
  `email` varchar(255) NOT NULL,
  `contact` int(12) NOT NULL,
  `subject` varchar(255) NOT NULL,
  `message` varchar(255) NOT NULL
) ENGINE=InnoDB DEFAULT CHARSET=latin1;

--
-- Dumping data for table `contact`
--

INSERT INTO `contact` (`uname`, `email`, `contact`, `subject`, `message`) VALUES
('kk', 'abhi@gmail.com', 1234567890, 'k', 'dfergt');

-- --------------------------------------------------------

--
-- Table structure for table `discounts`
--

CREATE TABLE `discounts` (
  `servicename` varchar(1000) NOT NULL,
  `discount` int(100) NOT NULL
) ENGINE=InnoDB DEFAULT CHARSET=latin1;

--
-- Dumping data for table `discounts`
--

INSERT INTO `discounts` (`servicename`, `discount`) VALUES
('Root Canal', 21),
('Cleaning', 23),
('Dental Implants', 34),
('Tooth Extractions', 11);

-- --------------------------------------------------------

--
-- Table structure for table `doctors`
--

CREATE TABLE `doctors` (
  `doc_id` int(100) NOT NULL,
  `doc_name` varchar(100) NOT NULL,
  `doc_email` varchar(100) NOT NULL,
  `doc_password` varchar(100) NOT NULL,
  `doc_address` varchar(1000) NOT NULL,
  `doc_gender` varchar(100) NOT NULL,
  `doc_contactno1` varchar(100) NOT NULL,
  `doc_contactno2` varchar(100) NOT NULL
) ENGINE=InnoDB DEFAULT CHARSET=latin1;

--
-- Dumping data for table `doctors`
--

INSERT INTO `doctors` (`doc_id`, `doc_name`, `doc_email`, `doc_password`, `doc_address`, `doc_gender`, `doc_contactno1`, `doc_contactno2`) VALUES
(1, 'sudhanshu', 'sm@gmail.com', '202cb962ac59075b964b07152d234b70', 'new delhi', 'male', '8826163041', '9810158471'),
(2, 'Vishu A Gupta', 'vishu@gmail.com', '202cb962ac59075b964b07152d234b70', 'new delhi', 'male', '8826163041', '9810807057'),
(3, 'Ashish Gupta', 'ashish@gmail.com', '202cb962ac59075b964b07152d234b70', 'new delhi', 'male', '8826163041', '9810158471');

-- --------------------------------------------------------

--
-- Table structure for table `notifications`
--

CREATE TABLE `notifications` (
  `uid` int(100) NOT NULL,
  `apid` varchar(100) NOT NULL,
  `id` int(100) NOT NULL,
  `message` varchar(1000) NOT NULL,
  `status` varchar(100) NOT NULL
) ENGINE=InnoDB DEFAULT CHARSET=latin1;

--
-- Dumping data for table `notifications`
--

INSERT INTO `notifications` (`uid`, `apid`, `id`, `message`, `status`) VALUES
(13, '44', 16, 'You have requested an appointment for Service#1 at 2019/02/03 , 8:00 to 9:00 ', 'seen'),
(13, '44', 17, 'Your appointment for Service#1 at 2019-02-03 , 08:00:00 is approved', 'seen'),
(13, '45', 18, 'You have requested an appointment for Service#1 at 2019/02/03 , 8:00 to 9:00 ', 'unseed'),
(12, '46', 19, 'You have requested an appointment for Service#1 at 2019/02/03 , 8:00 to 9:00 ', 'unseed'),
(13, '45', 20, 'Your appointment for Service#1 at 2019-02-03 , 08:00:00 is approved', 'seen'),
(12, '46', 21, 'Your appointment for Service#1 at 2019-02-03 , 08:00:00 is approved', 'seen'),
(13, '45', 22, 'Your appointment for Service#1 at 2019-02-03 , 08:00:00 is rescheduled. Please book again.', 'seen'),
(12, '46', 23, 'Your appointment for Service#1 at 2019-02-03 , 08:00:00 is rescheduled. Please book again.', 'seen'),
(13, '45', 24, 'Your appointment for Service#1 at 2019-02-03 , 08:00:00 is approved.', 'seen'),
(12, '46', 25, 'Your appointment for Service#1 at 2019-02-03 , 08:00:00 is rescheduled. Please book again.', 'seen'),
(12, '47', 26, 'You have requested an appointment for Service#1 at 2019-02-15 , 8:00 to 9:00 ', 'seen'),
(12, '48', 27, 'You have requested an appointment for Service#1 at 2019-02-15 , 8:00 to 9:00 ', 'seen'),
(12, '49', 28, 'You have requested an appointment for Service#1 at 2019-02-15 , 8:00 to 9:00 ', 'seen'),
(12, '50', 29, 'You have requested an appointment for Service#1 at 2019-02-15 , 8:00 to 9:00 ', 'seen'),
(12, '51', 30, 'You have requested an appointment for Service#1 at 2019-02-15 , 8:00 to 9:00 ', 'seen'),
(12, '52', 31, 'You have requested an appointment for Service#1 at 2019-02-15 , 8:00 to 9:00 ', 'seen'),
(0, '53', 32, 'You have requested an appointment for Service#1 at 2019-02-15 , 8:00 to 9:00 ', 'seen'),
(13, '54', 33, 'You have requested an appointment for Service#1 at 2019-02-15 , 8:00 to 9:00 ', 'seen'),
(0, '55', 34, 'You have requested an appointment for Service#1 at 2019-02-16 , 8:00 to 9:00 ', 'seen'),
(12, '56', 35, 'You have requested an appointment for Service#1 at 2019-02-16 , 8:00 to 9:00 ', 'seen'),
(12, '57', 36, 'You have requested an appointment for Service#1 at 2019-02-16 , 8:00 to 9:00 ', 'seen'),
(13, '58', 37, 'You have requested an appointment for Service#1 at 2019-02-16 , 8:00 to 9:00 ', 'seen'),
(13, '59', 38, 'You have requested an appointment for Service#1 at 2019-02-16 , 8:00 to 9:00 ', 'seen'),
(13, '60', 39, 'You have requested an appointment for Service#1 at 2019-02-16 , 8:00 to 9:00 ', 'seen'),
(13, '61', 40, 'You have requested an appointment for Service#1 at 2019-02-16 , 8:00 to 9:00 ', 'seen'),
(13, '62', 41, 'You have requested an appointment for Service#1 at 2019-02-16 , 8:00 to 9:00 ', 'seen'),
(13, '63', 42, 'You have requested an appointment for Service#1 at 2019-02-16 , 8:00 to 9:00 ', 'seen'),
(13, '64', 43, 'You have requested an appointment for Service#1 at 2019-02-17 , 8:00 to 9:00 ', 'seen'),
(13, '65', 44, 'You have requested an appointment for Service#1 at 2019-02-17 , 8:00 to 9:00 ', 'seen'),
(13, '66', 45, 'You have requested an appointment for Service#1 at 2019-02-17 , 8:00 to 9:00 ', 'seen'),
(13, '67', 46, 'You have requested an appointment for Service#1 at 2019-02-17 , 8:00 to 9:00 ', 'seen'),
(13, '68', 47, 'You have requested an appointment for Service#1 at 2019-02-17 , 8:00 to 9:00 ', 'seen'),
(13, '69', 48, 'You have requested an appointment for Service#1 at 2019-02-17 , 8:00 to 9:00 ', 'seen'),
(13, '70', 49, 'You have requested an appointment for Service#1 at 2019-02-17 , 8:00 to 9:00 ', 'seen'),
(13, '71', 50, 'You have requested an appointment for Service#1 at 2019-02-17 , 8:00 to 9:00 ', 'seen'),
(13, '72', 51, 'You have requested an appointment for Service#1 at 2019-02-17 , 8:00 to 9:00 ', 'seen'),
(13, '73', 52, 'You have requested an appointment for Service#1 at 2019-02-17 , 8:00 to 9:00 ', 'seen'),
(13, '74', 53, 'You have requested an appointment for  at  ,  ', 'seen'),
(13, '75', 54, 'You have requested an appointment for  at  ,  ', 'seen'),
(13, '76', 55, 'You have requested an appointment for Service#1 at 2019-02-17 , 8:00 to 9:00 ', 'seen'),
(13, '77', 56, 'You have requested an appointment for  at  ,  ', 'seen'),
(13, '78', 57, 'You have requested an appointment for Service#2 at 2019-02-17 , 9:00 to 10:00 ', 'seen'),
(13, '79', 58, 'You have requested an appointment for Service#2 at 2019-02-17 , 10:00 to 1:00 ', 'seen'),
(13, '80', 59, 'You have requested an appointment for Service#2 at 2019-02-17 , 10:00 to 1:00 ', 'seen'),
(13, '81', 60, 'You have requested an appointment for Service#2 at 2019-02-17 , 9:00 to 10:00 ', 'seen'),
(13, '82', 61, 'You have requested an appointment for Service#3 at 2019-02-17 , 9:00 to 10:00 ', 'seen'),
(13, '83', 62, 'You have requested an appointment for Service#2 at 2019-02-17 , 9:00 to 10:00 ', 'seen'),
(13, '84', 63, 'You have requested an appointment for Service#2 at 2019-02-17 , 9:00 to 10:00 ', 'seen'),
(13, '85', 64, 'You have requested an appointment for Service#2 at 2019-02-17 , 9:00 to 10:00 ', 'seen'),
(13, '86', 65, 'You have requested an appointment for Service#2 at 2019-02-17 , 10:00 to 1:00 ', 'seen'),
(13, '87', 66, 'You have requested an appointment for Service#2 at 2019-02-17 , 9:00 to 10:00 ', 'seen'),
(13, '88', 67, 'You have requested an appointment for Service#2 at 2019-02-17 , 9:00 to 10:00 ', 'seen'),
(13, '89', 68, 'You have requested an appointment for Service#3 at 2019-02-18 , 9:00 to 10:00 ', 'seen'),
(13, '90', 69, 'You have requested an appointment for Service#2 at 2019-02-18 , 10:00 to 1:00 ', 'seen'),
(13, '91', 70, 'You have requested an appointment for Service#4 at 2019-02-18 , 9:00 to 10:00 ', 'seen'),
(13, '92', 71, 'You have requested an appointment for Service#3 at 2019-02-18 , 10:00 to 1:00 ', 'seen'),
(13, '93', 72, 'You have requested an appointment for Service#2 at 2019-02-18 , 9:00 to 10:00 ', 'seen'),
(13, '94', 73, 'You have requested an appointment for Service#2 at 2019-02-18 , 10:00 to 1:00 ', 'seen'),
(13, '95', 74, 'You have requested an appointment for Service#3 at 2019-02-18 , 10:00 to 1:00 ', 'seen'),
(13, '96', 75, 'You have requested an appointment for Service#3 at 2019-02-18 , 10:00 to 1:00 ', 'seen'),
(13, '97', 76, 'You have requested an appointment for Service#3 at 2019-02-18 , 9:00 to 10:00 ', 'seen'),
(13, '98', 77, 'You have requested an appointment for Service#2 at 2019-02-19 , 9:00 to 10:00 ', 'seen'),
(13, '99', 78, 'You have requested an appointment for Service#2 at 2019-02-18 , 9:00 to 10:00 ', 'seen'),
(13, '100', 79, 'You have requested an appointment for Service#2 at 2019-02-19 , 9:00 to 10:00 ', 'seen'),
(13, '101', 80, 'You have requested an appointment for Service#2 at 2019-02-18 , 9:00 to 10:00 ', 'seen'),
(13, '102', 81, 'You have requested an appointment for Service#2 at 2019-02-19 , 9:00 to 10:00 ', 'seen'),
(13, '102', 82, 'Your appointment for Service#2 at 2019-02-19 , 09:00:00 is approved.', 'seen'),
(13, '103', 83, 'You have requested an appointment for Service#2 at 2019-02-20 , 9:00 to 10:00 ', 'seen'),
(13, '104', 84, 'You have requested an appointment for Service#2 at 2019-02-20 , 9:00 to 10:00 ', 'seen'),
(13, '103', 85, 'Your appointment for Service#2 at 2019-02-20 , 09:00:00 is approved.', 'seen'),
(13, '104', 86, 'Your appointment for Service#2 at 2019-02-20 , 09:00:00 is approved.', 'seen'),
(13, '105', 87, 'You have requested an appointment for Service#3 at 2019-02-20 , 10:00 to 1:00 ', 'seen'),
(13, '106', 88, 'You have requested an appointment for Service#2 at 2019-02-20 , 9:00 to 10:00 ', 'seen'),
(13, '105', 89, 'Your appointment for Service#3 at 2019-02-20 , 10:00:00 is rescheduled. Please book again.', 'seen'),
(12, '47', 90, 'Your appointment for Service#1 at 2019-02-15 , 08:00:00 is approved', 'seen'),
(12, '48', 91, 'Your appointment for Service#1 at 2019-02-15 , 08:00:00 is approved', 'seen'),
(12, '49', 92, 'Your appointment for Service#1 at 2019-02-15 , 08:00:00 is approved', 'seen'),
(12, '50', 93, 'Your appointment for Service#1 at 2019-02-15 , 08:00:00 is approved', 'seen'),
(12, '51', 94, 'Your appointment for Service#1 at 2019-02-15 , 08:00:00 is approved', 'seen'),
(12, '52', 95, 'Your appointment for Service#1 at 2019-02-15 , 08:00:00 is approved', 'seen'),
(0, '53', 96, 'Your appointment for Service#1 at 2019-02-15 , 08:00:00 is approved', 'unseen'),
(13, '54', 97, 'Your appointment for Service#1 at 2019-02-15 , 08:00:00 is approved', 'seen'),
(0, '55', 98, 'Your appointment for Service#1 at 2019-02-16 , 08:00:00 is approved', 'unseen'),
(12, '56', 99, 'Your appointment for Service#1 at 2019-02-16 , 08:00:00 is approved', 'seen'),
(12, '57', 100, 'Your appointment for Service#1 at 2019-02-16 , 08:00:00 is approved', 'seen'),
(13, '58', 101, 'Your appointment for Service#1 at 2019-02-16 , 08:00:00 is approved', 'seen'),
(13, '59', 102, 'Your appointment for Service#1 at 2019-02-16 , 08:00:00 is approved', 'seen'),
(13, '60', 103, 'Your appointment for Service#1 at 2019-02-16 , 08:00:00 is approved', 'seen'),
(13, '61', 104, 'Your appointment for Service#1 at 2019-02-16 , 08:00:00 is approved', 'seen'),
(13, '62', 105, 'Your appointment for Service#1 at 2019-02-16 , 08:00:00 is approved', 'seen'),
(13, '63', 106, 'Your appointment for Service#1 at 2019-02-16 , 08:00:00 is approved', 'seen'),
(13, '64', 107, 'Your appointment for Service#1 at 2019-02-17 , 08:00:00 is approved', 'seen'),
(13, '65', 108, 'Your appointment for Service#1 at 2019-02-17 , 08:00:00 is approved', 'seen'),
(13, '66', 109, 'Your appointment for Service#1 at 2019-02-17 , 08:00:00 is approved', 'seen'),
(13, '67', 110, 'Your appointment for Service#1 at 2019-02-17 , 08:00:00 is approved', 'seen'),
(13, '68', 111, 'Your appointment for Service#1 at 2019-02-17 , 08:00:00 is approved', 'seen'),
(13, '69', 112, 'Your appointment for Service#1 at 2019-02-17 , 08:00:00 is approved', 'seen'),
(13, '70', 113, 'Your appointment for Service#1 at 2019-02-17 , 08:00:00 is approved', 'seen'),
(13, '71', 114, 'Your appointment for Service#1 at 2019-02-17 , 08:00:00 is approved', 'seen'),
(13, '72', 115, 'Your appointment for Service#1 at 2019-02-17 , 08:00:00 is approved', 'seen'),
(13, '73', 116, 'Your appointment for Service#1 at 2019-02-17 , 08:00:00 is approved', 'seen'),
(13, '74', 117, 'Your appointment for  at 0000-00-00 , 00:00:00 is approved', 'seen'),
(13, '75', 118, 'Your appointment for  at 0000-00-00 , 00:00:00 is approved', 'seen'),
(13, '76', 119, 'Your appointment for Service#1 at 2019-02-17 , 08:00:00 is approved', 'seen'),
(13, '77', 120, 'Your appointment for  at 0000-00-00 , 00:00:00 is approved', 'seen'),
(13, '78', 121, 'Your appointment for Service#2 at 2019-02-17 , 09:00:00 is approved', 'seen'),
(13, '79', 122, 'Your appointment for Service#2 at 2019-02-17 , 10:00:00 is approved', 'seen'),
(13, '80', 123, 'Your appointment for Service#2 at 2019-02-17 , 10:00:00 is approved', 'seen'),
(13, '81', 124, 'Your appointment for Service#2 at 2019-02-17 , 09:00:00 is approved', 'seen'),
(13, '82', 125, 'Your appointment for Service#3 at 2019-02-17 , 09:00:00 is approved', 'seen'),
(13, '83', 126, 'Your appointment for Service#2 at 2019-02-17 , 09:00:00 is approved', 'seen'),
(13, '84', 127, 'Your appointment for Service#2 at 2019-02-17 , 09:00:00 is approved', 'seen'),
(13, '85', 128, 'Your appointment for Service#2 at 2019-02-17 , 09:00:00 is approved', 'seen'),
(13, '86', 129, 'Your appointment for Service#2 at 2019-02-17 , 10:00:00 is approved', 'seen'),
(13, '87', 130, 'Your appointment for Service#2 at 2019-02-17 , 09:00:00 is approved', 'seen'),
(13, '88', 131, 'Your appointment for Service#2 at 2019-02-17 , 09:00:00 is approved', 'seen'),
(13, '89', 132, 'Your appointment for Service#3 at 2019-02-18 , 09:00:00 is approved', 'seen'),
(13, '90', 133, 'Your appointment for Service#2 at 2019-02-18 , 10:00:00 is approved', 'seen'),
(13, '91', 134, 'Your appointment for Service#4 at 2019-02-18 , 09:00:00 is approved', 'seen'),
(13, '92', 135, 'Your appointment for Service#3 at 2019-02-18 , 10:00:00 is approved', 'seen'),
(13, '93', 136, 'Your appointment for Service#2 at 2019-02-18 , 09:00:00 is approved', 'seen'),
(13, '94', 137, 'Your appointment for Service#2 at 2019-02-18 , 10:00:00 is approved', 'seen'),
(13, '95', 138, 'Your appointment for Service#3 at 2019-02-18 , 10:00:00 is approved', 'seen'),
(13, '96', 139, 'Your appointment for Service#3 at 2019-02-18 , 10:00:00 is approved', 'seen'),
(13, '97', 140, 'Your appointment for Service#3 at 2019-02-18 , 09:00:00 is approved', 'seen'),
(13, '98', 141, 'Your appointment for Service#2 at 2019-02-19 , 09:00:00 is approved', 'seen'),
(13, '99', 142, 'Your appointment for Service#2 at 2019-02-18 , 09:00:00 is approved', 'seen'),
(13, '100', 143, 'Your appointment for Service#2 at 2019-02-19 , 09:00:00 is approved', 'seen'),
(13, '101', 144, 'Your appointment for Service#2 at 2019-02-18 , 09:00:00 is approved', 'seen'),
(13, '106', 145, 'Your appointment for Service#2 at 2019-02-20 , 09:00:00 is approved', 'seen'),
(13, '107', 146, 'You have requested an appointment for Service#2 at 2019-02-20 , 8:00 to 9:00 ', 'seen'),
(13, '107', 147, 'Your appointment for Service#2 at 2019-02-20 , 08:00:00 is approved.', 'seen'),
(13, '108', 148, 'You have requested an appointment for Service#3 at 2019-03-05 , 9:00 to 10:00 ', 'seen'),
(13, '108', 149, 'Your appointment for Service#3 at 2019-03-05 , 09:00:00 is approved.', 'seen'),
(13, '109', 150, 'You have requested an appointment for Service#1 at 2019-03-06 , 8:00 to 9:00 ', 'seen'),
(13, '110', 151, 'You have requested an appointment for Service#1 at 2019-03-06 , 8:00 to 9:00 ', 'seen'),
(13, '110', 152, 'Your appointment for Service#1 at 2019-03-06 , 08:00:00 is approved.', 'seen'),
(13, '111', 153, 'You have requested an appointment for Root Canal at 2019-03-10 , 10:30 am to 2:30 pm ', 'seen'),
(13, '112', 154, 'You have requested an appointment for Tooth Extractions at 2019-03-10 , 9:00 pm to 10:00 pm ', 'seen'),
(13, '113', 155, 'You have requested an appointment for Root Canal at 2019-03-11 , 10:30 am to 2:30 pm ', 'seen'),
(13, '114', 156, 'You have requested an appointment for Root Canal at 2019-03-10 , 10:30 am to 2:30 pm ', 'seen'),
(13, '115', 157, 'You have requested an appointment for Cleaning at 2019-03-12 , 9:00 pm to 10:00 pm ', 'seen'),
(13, '116', 158, 'You have requested an appointment for Root Canal at 2019-03-12 , 10:30 am to 2:30 pm ', 'seen'),
(13, '117', 159, 'You have requested an appointment for Root Canal at 2019-03-12 , 10:30 am to 2:30 pm ', 'seen'),
(13, '118', 160, 'You have requested an appointment for Root Canal at 2019-03-12 , 10:30 am to 2:30 pm ', 'seen'),
(13, '119', 161, 'You have requested an appointment for Root Canal at 2019-03-12 , 9:00 pm to 10:00 pm ', 'seen'),
(13, '120', 162, 'You have requested an appointment for Root Canal at 2019-03-12 , 10:30 am to 2:30 pm ', 'seen'),
(13, '121', 163, 'You have requested an appointment for Root Canal at 2019-03-12 , 10:30 am to 2:30 pm ', 'seen'),
(13, '122', 164, 'You have requested an appointment for Root Canal at 2019-03-12 , 9:00 pm to 10:00 pm ', 'seen'),
(13, '123', 165, 'You have requested an appointment for Root Canal at 2019-03-12 , 10:30 am to 2:30 pm ', 'seen'),
(13, '109', 166, 'Your appointment for Service#1 at 2019-03-06 , 08:00:00 is approved.', 'seen'),
(13, '111', 167, 'Your appointment for Root Canal at 2019-03-10 , 10:30:00 is confirmed.', 'seen'),
(13, '112', 168, 'Your appointment for Tooth Extractions at 2019-03-10 , 09:00:00 is confirmed.', 'seen'),
(13, '113', 169, 'Your appointment for Root Canal at 2019-03-11 , 10:30:00 is confirmed.', 'seen'),
(13, '114', 170, 'Your appointment for Root Canal at 2019-03-10 , 10:30:00 is confirmed.', 'seen'),
(13, '115', 171, 'Your appointment for Cleaning at 2019-03-12 , 09:00:00 is confirmed.', 'seen'),
(13, '116', 172, 'Your appointment for Root Canal at 2019-03-12 , 10:30:00 is confirmed.', 'seen'),
(13, '117', 173, 'Your appointment for Root Canal at 2019-03-12 , 10:30:00 is confirmed.', 'seen'),
(13, '118', 174, 'Your appointment for Root Canal at 2019-03-12 , 10:30:00 is confirmed.', 'seen'),
(13, '119', 175, 'Your appointment for Root Canal at 2019-03-12 , 09:00:00 is confirmed.', 'seen'),
(13, '120', 176, 'Your appointment for Root Canal at 2019-03-12 , 10:30:00 is confirmed.', 'seen'),
(13, '121', 177, 'Your appointment for Root Canal at 2019-03-12 , 10:30:00 is confirmed.', 'seen'),
(13, '122', 178, 'Your appointment for Root Canal at 2019-03-12 , 09:00:00 is confirmed.', 'seen'),
(13, '123', 179, 'Your appointment for Root Canal at 2019-03-12 , 10:30:00 is confirmed.', 'seen'),
(13, '111', 180, 'Your appointment for Root Canal at 2019-03-10 , 10:30:00 is confirmed.', 'seen'),
(13, '113', 181, 'Your appointment for Root Canal at 2019-03-11 , 10:30:00 is confirmed.', 'seen'),
(13, '114', 182, 'Your appointment for Root Canal at 2019-03-10 , 10:30:00 is confirmed.', 'seen'),
(13, '115', 183, 'Your appointment for Cleaning at 2019-03-12 , 09:00:00 is confirmed.', 'seen'),
(13, '116', 184, 'Your appointment for Root Canal at 2019-03-12 , 10:30:00 is confirmed.', 'seen'),
(13, '117', 185, 'Your appointment for Root Canal at 2019-03-12 , 10:30:00 is confirmed.', 'seen'),
(13, '118', 186, 'Your appointment for Root Canal at 2019-03-12 , 10:30:00 is confirmed.', 'seen'),
(13, '119', 187, 'Your appointment for Root Canal at 2019-03-12 , 09:00:00 is confirmed.', 'seen'),
(13, '120', 188, 'Your appointment for Root Canal at 2019-03-12 , 10:30:00 is confirmed.', 'seen'),
(13, '121', 189, 'Your appointment for Root Canal at 2019-03-12 , 10:30:00 is confirmed.', 'seen'),
(13, '122', 190, 'Your appointment for Root Canal at 2019-03-12 , 09:00:00 is confirmed.', 'seen'),
(13, '123', 191, 'Your appointment for Root Canal at 2019-03-12 , 10:30:00 is confirmed.', 'seen'),
(13, '124', 192, 'You have requested an appointment for Root Canal at 2019-03-23 , 10:30 am to 2:30 pm ', 'seen'),
(13, '124', 193, 'Your appointment for Root Canal at 2019-03-23 , 10:30:00 is approved.', 'seen'),
(13, '123', 194, 'Your appointment for Root Canal at 2019-03-12 , 10:30:00 is approved.', 'seen'),
(13, '125', 195, 'You have requested an appointment for Root Canal at 2019-03-23 , 10:30 am to 2:30 pm ', 'seen'),
(13, '126', 196, 'You have requested an appointment for Root Canal at 2019-03-23 , 10:30 am to 2:30 pm ', 'seen'),
(13, '126', 197, 'Your appointment for Root Canal at 2019-03-23 , 10:30:00 is approved.', 'seen'),
(13, '127', 198, 'You have requested an appointment for Root Canal at 2019-03-23 , 10:30 am to 2:30 pm ', 'seen'),
(13, '128', 199, 'You have requested an appointment for Root Canal at 2019-03-24 , 10:30 am to 2:30 pm ', 'seen'),
(13, '129', 200, 'You have requested an appointment for Root Canal at 2019-03-25 , 9:00 pm to 10:00 pm ', 'seen'),
(13, '130', 201, 'You have requested an appointment for Root Canal at 2019-03-26 , 10:30 am to 2:30 pm ', 'seen'),
(13, '130', 202, 'Your appointment for Root Canal at 2019-03-26 , 10:30:00 is approved.', 'seen'),
(13, '111', 203, 'Your appointment for Root Canal at 2019-03-10 , 10:30:00 is confirmed.', 'seen'),
(13, '113', 204, 'Your appointment for Root Canal at 2019-03-11 , 10:30:00 is confirmed.', 'seen'),
(13, '114', 205, 'Your appointment for Root Canal at 2019-03-10 , 10:30:00 is confirmed.', 'seen'),
(13, '116', 206, 'Your appointment for Root Canal at 2019-03-12 , 10:30:00 is confirmed.', 'seen'),
(13, '117', 207, 'Your appointment for Root Canal at 2019-03-12 , 10:30:00 is confirmed.', 'seen'),
(13, '118', 208, 'Your appointment for Root Canal at 2019-03-12 , 10:30:00 is confirmed.', 'seen'),
(13, '119', 209, 'Your appointment for Root Canal at 2019-03-12 , 09:00:00 is confirmed.', 'seen'),
(13, '120', 210, 'Your appointment for Root Canal at 2019-03-12 , 10:30:00 is confirmed.', 'seen'),
(13, '121', 211, 'Your appointment for Root Canal at 2019-03-12 , 10:30:00 is confirmed.', 'seen'),
(13, '122', 212, 'Your appointment for Root Canal at 2019-03-12 , 09:00:00 is confirmed.', 'seen'),
(13, '125', 213, 'Your appointment for Root Canal at 2019-03-23 , 10:30:00 is confirmed.', 'seen'),
(13, '127', 214, 'Your appointment for Root Canal at 2019-03-23 , 10:30:00 is confirmed.', 'seen'),
(13, '128', 215, 'Your appointment for Root Canal at 2019-03-24 , 10:30:00 is confirmed.', 'seen'),
(13, '129', 216, 'Your appointment for Root Canal at 2019-03-25 , 09:00:00 is confirmed.', 'seen'),
(13, '130', 217, 'Your appointment for Root Canal at 2019-03-26 , 10:30:00 is confirmed.', 'seen'),
(13, '111', 218, 'Your appointment for Root Canal at 2019-03-10 , 10:30:00 is confirmed.', 'seen'),
(13, '113', 219, 'Your appointment for Root Canal at 2019-03-11 , 10:30:00 is confirmed.', 'seen'),
(13, '114', 220, 'Your appointment for Root Canal at 2019-03-10 , 10:30:00 is confirmed.', 'seen'),
(13, '116', 221, 'Your appointment for Root Canal at 2019-03-12 , 10:30:00 is confirmed.', 'seen'),
(13, '117', 222, 'Your appointment for Root Canal at 2019-03-12 , 10:30:00 is confirmed.', 'seen'),
(13, '118', 223, 'Your appointment for Root Canal at 2019-03-12 , 10:30:00 is confirmed.', 'seen'),
(13, '119', 224, 'Your appointment for Root Canal at 2019-03-12 , 09:00:00 is confirmed.', 'seen'),
(13, '120', 225, 'Your appointment for Root Canal at 2019-03-12 , 10:30:00 is confirmed.', 'seen'),
(13, '121', 226, 'Your appointment for Root Canal at 2019-03-12 , 10:30:00 is confirmed.', 'seen'),
(13, '122', 227, 'Your appointment for Root Canal at 2019-03-12 , 09:00:00 is confirmed.', 'seen'),
(13, '125', 228, 'Your appointment for Root Canal at 2019-03-23 , 10:30:00 is confirmed.', 'seen'),
(13, '127', 229, 'Your appointment for Root Canal at 2019-03-23 , 10:30:00 is confirmed.', 'seen'),
(13, '128', 230, 'Your appointment for Root Canal at 2019-03-24 , 10:30:00 is confirmed.', 'seen'),
(13, '129', 231, 'Your appointment for Root Canal at 2019-03-25 , 09:00:00 is confirmed.', 'seen'),
(13, '130', 232, 'Your appointment for Root Canal at 2019-03-26 , 10:30:00 is confirmed.', 'seen'),
(13, '111', 233, 'Your appointment for Root Canal at 2019-03-10 , 10:30:00 is confirmed.', 'seen'),
(13, '113', 234, 'Your appointment for Root Canal at 2019-03-11 , 10:30:00 is confirmed.', 'seen'),
(13, '114', 235, 'Your appointment for Root Canal at 2019-03-10 , 10:30:00 is confirmed.', 'seen'),
(13, '116', 236, 'Your appointment for Root Canal at 2019-03-12 , 10:30:00 is confirmed.', 'seen'),
(13, '117', 237, 'Your appointment for Root Canal at 2019-03-12 , 10:30:00 is confirmed.', 'seen'),
(13, '118', 238, 'Your appointment for Root Canal at 2019-03-12 , 10:30:00 is confirmed.', 'seen'),
(13, '119', 239, 'Your appointment for Root Canal at 2019-03-12 , 09:00:00 is confirmed.', 'seen'),
(13, '120', 240, 'Your appointment for Root Canal at 2019-03-12 , 10:30:00 is confirmed.', 'seen'),
(13, '121', 241, 'Your appointment for Root Canal at 2019-03-12 , 10:30:00 is confirmed.', 'seen'),
(13, '122', 242, 'Your appointment for Root Canal at 2019-03-12 , 09:00:00 is confirmed.', 'seen'),
(13, '125', 243, 'Your appointment for Root Canal at 2019-03-23 , 10:30:00 is confirmed.', 'seen'),
(13, '127', 244, 'Your appointment for Root Canal at 2019-03-23 , 10:30:00 is confirmed.', 'seen'),
(13, '128', 245, 'Your appointment for Root Canal at 2019-03-24 , 10:30:00 is confirmed.', 'seen'),
(13, '129', 246, 'Your appointment for Root Canal at 2019-03-25 , 09:00:00 is confirmed.', 'seen'),
(13, '130', 247, 'Your appointment for Root Canal at 2019-03-26 , 10:30:00 is confirmed.', 'seen'),
(13, '111', 248, 'Your appointment for Root Canal at 2019-03-10 , 10:30:00 is confirmed.', 'seen'),
(13, '113', 249, 'Your appointment for Root Canal at 2019-03-11 , 10:30:00 is confirmed.', 'seen'),
(13, '114', 250, 'Your appointment for Root Canal at 2019-03-10 , 10:30:00 is confirmed.', 'seen'),
(13, '116', 251, 'Your appointment for Root Canal at 2019-03-12 , 10:30:00 is confirmed.', 'seen'),
(13, '117', 252, 'Your appointment for Root Canal at 2019-03-12 , 10:30:00 is confirmed.', 'seen'),
(13, '118', 253, 'Your appointment for Root Canal at 2019-03-12 , 10:30:00 is confirmed.', 'seen'),
(13, '119', 254, 'Your appointment for Root Canal at 2019-03-12 , 09:00:00 is confirmed.', 'seen'),
(13, '120', 255, 'Your appointment for Root Canal at 2019-03-12 , 10:30:00 is confirmed.', 'seen'),
(13, '121', 256, 'Your appointment for Root Canal at 2019-03-12 , 10:30:00 is confirmed.', 'seen'),
(13, '122', 257, 'Your appointment for Root Canal at 2019-03-12 , 09:00:00 is confirmed.', 'seen'),
(13, '125', 258, 'Your appointment for Root Canal at 2019-03-23 , 10:30:00 is confirmed.', 'seen'),
(13, '127', 259, 'Your appointment for Root Canal at 2019-03-23 , 10:30:00 is confirmed.', 'seen'),
(13, '128', 260, 'Your appointment for Root Canal at 2019-03-24 , 10:30:00 is confirmed.', 'seen'),
(13, '129', 261, 'Your appointment for Root Canal at 2019-03-25 , 09:00:00 is confirmed.', 'seen'),
(13, '130', 262, 'Your appointment for Root Canal at 2019-03-26 , 10:30:00 is confirmed.', 'seen'),
(13, '111', 263, 'Your appointment for Root Canal at 2019-03-10 , 10:30:00 is confirmed.', 'seen'),
(13, '113', 264, 'Your appointment for Root Canal at 2019-03-11 , 10:30:00 is confirmed.', 'seen'),
(13, '114', 265, 'Your appointment for Root Canal at 2019-03-10 , 10:30:00 is confirmed.', 'seen'),
(13, '116', 266, 'Your appointment for Root Canal at 2019-03-12 , 10:30:00 is confirmed.', 'seen'),
(13, '117', 267, 'Your appointment for Root Canal at 2019-03-12 , 10:30:00 is confirmed.', 'seen'),
(13, '118', 268, 'Your appointment for Root Canal at 2019-03-12 , 10:30:00 is confirmed.', 'seen'),
(13, '119', 269, 'Your appointment for Root Canal at 2019-03-12 , 09:00:00 is confirmed.', 'seen'),
(13, '120', 270, 'Your appointment for Root Canal at 2019-03-12 , 10:30:00 is confirmed.', 'seen'),
(13, '121', 271, 'Your appointment for Root Canal at 2019-03-12 , 10:30:00 is confirmed.', 'seen'),
(13, '122', 272, 'Your appointment for Root Canal at 2019-03-12 , 09:00:00 is confirmed.', 'seen'),
(13, '125', 273, 'Your appointment for Root Canal at 2019-03-23 , 10:30:00 is confirmed.', 'seen'),
(13, '127', 274, 'Your appointment for Root Canal at 2019-03-23 , 10:30:00 is confirmed.', 'seen'),
(13, '128', 275, 'Your appointment for Root Canal at 2019-03-24 , 10:30:00 is confirmed.', 'seen'),
(13, '129', 276, 'Your appointment for Root Canal at 2019-03-25 , 09:00:00 is confirmed.', 'seen'),
(13, '130', 277, 'Your appointment for Root Canal at 2019-03-26 , 10:30:00 is confirmed.', 'seen'),
(13, '111', 278, 'Your appointment for Root Canal at 2019-03-10 , 10:30:00 is confirmed.', 'seen'),
(13, '113', 279, 'Your appointment for Root Canal at 2019-03-11 , 10:30:00 is confirmed.', 'seen'),
(13, '114', 280, 'Your appointment for Root Canal at 2019-03-10 , 10:30:00 is confirmed.', 'seen'),
(13, '116', 281, 'Your appointment for Root Canal at 2019-03-12 , 10:30:00 is confirmed.', 'seen'),
(13, '117', 282, 'Your appointment for Root Canal at 2019-03-12 , 10:30:00 is confirmed.', 'seen'),
(13, '118', 283, 'Your appointment for Root Canal at 2019-03-12 , 10:30:00 is confirmed.', 'seen'),
(13, '119', 284, 'Your appointment for Root Canal at 2019-03-12 , 09:00:00 is confirmed.', 'seen'),
(13, '120', 285, 'Your appointment for Root Canal at 2019-03-12 , 10:30:00 is confirmed.', 'seen'),
(13, '121', 286, 'Your appointment for Root Canal at 2019-03-12 , 10:30:00 is confirmed.', 'seen'),
(13, '122', 287, 'Your appointment for Root Canal at 2019-03-12 , 09:00:00 is confirmed.', 'seen'),
(13, '125', 288, 'Your appointment for Root Canal at 2019-03-23 , 10:30:00 is confirmed.', 'seen'),
(13, '127', 289, 'Your appointment for Root Canal at 2019-03-23 , 10:30:00 is confirmed.', 'seen'),
(13, '128', 290, 'Your appointment for Root Canal at 2019-03-24 , 10:30:00 is confirmed.', 'seen'),
(13, '129', 291, 'Your appointment for Root Canal at 2019-03-25 , 09:00:00 is confirmed.', 'seen'),
(13, '130', 292, 'Your appointment for Root Canal at 2019-03-26 , 10:30:00 is confirmed.', 'seen'),
(13, '111', 293, 'Your appointment for Root Canal at 2019-03-10 , 10:30:00 is confirmed.', 'seen'),
(13, '113', 294, 'Your appointment for Root Canal at 2019-03-11 , 10:30:00 is confirmed.', 'seen'),
(13, '114', 295, 'Your appointment for Root Canal at 2019-03-10 , 10:30:00 is confirmed.', 'seen'),
(13, '116', 296, 'Your appointment for Root Canal at 2019-03-12 , 10:30:00 is confirmed.', 'seen'),
(13, '117', 297, 'Your appointment for Root Canal at 2019-03-12 , 10:30:00 is confirmed.', 'seen'),
(13, '118', 298, 'Your appointment for Root Canal at 2019-03-12 , 10:30:00 is confirmed.', 'seen'),
(13, '119', 299, 'Your appointment for Root Canal at 2019-03-12 , 09:00:00 is confirmed.', 'seen'),
(13, '120', 300, 'Your appointment for Root Canal at 2019-03-12 , 10:30:00 is confirmed.', 'seen'),
(13, '121', 301, 'Your appointment for Root Canal at 2019-03-12 , 10:30:00 is confirmed.', 'seen'),
(13, '122', 302, 'Your appointment for Root Canal at 2019-03-12 , 09:00:00 is confirmed.', 'seen'),
(13, '125', 303, 'Your appointment for Root Canal at 2019-03-23 , 10:30:00 is confirmed.', 'seen'),
(13, '127', 304, 'Your appointment for Root Canal at 2019-03-23 , 10:30:00 is confirmed.', 'seen'),
(13, '128', 305, 'Your appointment for Root Canal at 2019-03-24 , 10:30:00 is confirmed.', 'seen'),
(13, '129', 306, 'Your appointment for Root Canal at 2019-03-25 , 09:00:00 is confirmed.', 'seen'),
(13, '111', 307, 'Your appointment for Root Canal at 2019-03-10 , 10:30:00 is confirmed.', 'seen'),
(13, '113', 308, 'Your appointment for Root Canal at 2019-03-11 , 10:30:00 is confirmed.', 'seen'),
(13, '114', 309, 'Your appointment for Root Canal at 2019-03-10 , 10:30:00 is confirmed.', 'seen'),
(13, '116', 310, 'Your appointment for Root Canal at 2019-03-12 , 10:30:00 is confirmed.', 'seen'),
(13, '117', 311, 'Your appointment for Root Canal at 2019-03-12 , 10:30:00 is confirmed.', 'seen'),
(13, '118', 312, 'Your appointment for Root Canal at 2019-03-12 , 10:30:00 is confirmed.', 'seen'),
(13, '119', 313, 'Your appointment for Root Canal at 2019-03-12 , 09:00:00 is confirmed.', 'seen'),
(13, '120', 314, 'Your appointment for Root Canal at 2019-03-12 , 10:30:00 is confirmed.', 'seen'),
(13, '121', 315, 'Your appointment for Root Canal at 2019-03-12 , 10:30:00 is confirmed.', 'seen'),
(13, '122', 316, 'Your appointment for Root Canal at 2019-03-12 , 09:00:00 is confirmed.', 'seen'),
(13, '125', 317, 'Your appointment for Root Canal at 2019-03-23 , 10:30:00 is confirmed.', 'seen'),
(13, '127', 318, 'Your appointment for Root Canal at 2019-03-23 , 10:30:00 is confirmed.', 'seen'),
(13, '128', 319, 'Your appointment for Root Canal at 2019-03-24 , 10:30:00 is confirmed.', 'seen'),
(13, '129', 320, 'Your appointment for Root Canal at 2019-03-25 , 09:00:00 is confirmed.', 'seen'),
(13, '130', 321, 'Your appointment for Root Canal at 2019-03-26 , 10:30:00 is confirmed.', 'seen'),
(13, '111', 322, 'Your appointment for Root Canal at 2019-03-10 , 10:30:00 is confirmed.', 'seen'),
(13, '113', 323, 'Your appointment for Root Canal at 2019-03-11 , 10:30:00 is confirmed.', 'seen'),
(13, '114', 324, 'Your appointment for Root Canal at 2019-03-10 , 10:30:00 is confirmed.', 'seen'),
(13, '116', 325, 'Your appointment for Root Canal at 2019-03-12 , 10:30:00 is confirmed.', 'seen'),
(13, '117', 326, 'Your appointment for Root Canal at 2019-03-12 , 10:30:00 is confirmed.', 'seen'),
(13, '118', 327, 'Your appointment for Root Canal at 2019-03-12 , 10:30:00 is confirmed.', 'seen'),
(13, '119', 328, 'Your appointment for Root Canal at 2019-03-12 , 09:00:00 is confirmed.', 'seen'),
(13, '120', 329, 'Your appointment for Root Canal at 2019-03-12 , 10:30:00 is confirmed.', 'seen'),
(13, '121', 330, 'Your appointment for Root Canal at 2019-03-12 , 10:30:00 is confirmed.', 'seen'),
(13, '122', 331, 'Your appointment for Root Canal at 2019-03-12 , 09:00:00 is confirmed.', 'seen'),
(13, '125', 332, 'Your appointment for Root Canal at 2019-03-23 , 10:30:00 is confirmed.', 'seen'),
(13, '127', 333, 'Your appointment for Root Canal at 2019-03-23 , 10:30:00 is confirmed.', 'seen'),
(13, '128', 334, 'Your appointment for Root Canal at 2019-03-24 , 10:30:00 is confirmed.', 'seen'),
(13, '129', 335, 'Your appointment for Root Canal at 2019-03-25 , 09:00:00 is confirmed.', 'seen'),
(13, '130', 336, 'Your appointment for Root Canal at 2019-03-26 , 10:30:00 is confirmed.', 'seen'),
(13, '111', 337, 'Your appointment for Root Canal at 2019-03-10 , 10:30:00 is confirmed.', 'seen'),
(13, '113', 338, 'Your appointment for Root Canal at 2019-03-11 , 10:30:00 is confirmed.', 'seen'),
(13, '114', 339, 'Your appointment for Root Canal at 2019-03-10 , 10:30:00 is confirmed.', 'seen'),
(13, '116', 340, 'Your appointment for Root Canal at 2019-03-12 , 10:30:00 is confirmed.', 'seen'),
(13, '117', 341, 'Your appointment for Root Canal at 2019-03-12 , 10:30:00 is confirmed.', 'seen'),
(13, '118', 342, 'Your appointment for Root Canal at 2019-03-12 , 10:30:00 is confirmed.', 'seen'),
(13, '119', 343, 'Your appointment for Root Canal at 2019-03-12 , 09:00:00 is confirmed.', 'seen'),
(13, '120', 344, 'Your appointment for Root Canal at 2019-03-12 , 10:30:00 is confirmed.', 'seen'),
(13, '121', 345, 'Your appointment for Root Canal at 2019-03-12 , 10:30:00 is confirmed.', 'seen'),
(13, '122', 346, 'Your appointment for Root Canal at 2019-03-12 , 09:00:00 is confirmed.', 'seen'),
(13, '125', 347, 'Your appointment for Root Canal at 2019-03-23 , 10:30:00 is confirmed.', 'seen'),
(13, '127', 348, 'Your appointment for Root Canal at 2019-03-23 , 10:30:00 is confirmed.', 'seen'),
(13, '128', 349, 'Your appointment for Root Canal at 2019-03-24 , 10:30:00 is confirmed.', 'seen'),
(13, '129', 350, 'Your appointment for Root Canal at 2019-03-25 , 09:00:00 is confirmed.', 'seen'),
(13, '130', 351, 'Your appointment for Root Canal at 2019-03-26 , 10:30:00 is confirmed.', 'seen'),
(13, '111', 352, 'Your appointment for Root Canal at 2019-03-10 , 10:30:00 is confirmed.', 'seen'),
(13, '113', 353, 'Your appointment for Root Canal at 2019-03-11 , 10:30:00 is confirmed.', 'seen'),
(13, '114', 354, 'Your appointment for Root Canal at 2019-03-10 , 10:30:00 is confirmed.', 'seen'),
(13, '116', 355, 'Your appointment for Root Canal at 2019-03-12 , 10:30:00 is confirmed.', 'seen'),
(13, '117', 356, 'Your appointment for Root Canal at 2019-03-12 , 10:30:00 is confirmed.', 'seen'),
(13, '118', 357, 'Your appointment for Root Canal at 2019-03-12 , 10:30:00 is confirmed.', 'seen'),
(13, '119', 358, 'Your appointment for Root Canal at 2019-03-12 , 09:00:00 is confirmed.', 'seen'),
(13, '120', 359, 'Your appointment for Root Canal at 2019-03-12 , 10:30:00 is confirmed.', 'seen'),
(13, '121', 360, 'Your appointment for Root Canal at 2019-03-12 , 10:30:00 is confirmed.', 'seen'),
(13, '122', 361, 'Your appointment for Root Canal at 2019-03-12 , 09:00:00 is confirmed.', 'seen'),
(13, '125', 362, 'Your appointment for Root Canal at 2019-03-23 , 10:30:00 is confirmed.', 'seen'),
(13, '127', 363, 'Your appointment for Root Canal at 2019-03-23 , 10:30:00 is confirmed.', 'seen'),
(13, '128', 364, 'Your appointment for Root Canal at 2019-03-24 , 10:30:00 is confirmed.', 'seen'),
(13, '129', 365, 'Your appointment for Root Canal at 2019-03-25 , 09:00:00 is confirmed.', 'seen'),
(13, '130', 366, 'Your appointment for Root Canal at 2019-03-26 , 10:30:00 is confirmed.', 'seen'),
(13, '131', 367, 'You have requested an appointment for Root Canal at 2019-03-28 , 10:30 am to 2:30 pm ', 'seen'),
(13, '132', 368, 'You have requested an appointment for Root Canal at 2019-03-30 , 10:30 am to 2:30 pm ', 'seen'),
(13, '132', 369, 'Your appointment for Root Canal at 2019-03-30 , 10:30:00 is approved.', 'seen'),
(13, '111', 370, 'Your appointment for Root Canal at 2019-03-10 , 10:30:00 is confirmed.', 'seen'),
(13, '113', 371, 'Your appointment for Root Canal at 2019-03-11 , 10:30:00 is confirmed.', 'seen'),
(13, '114', 372, 'Your appointment for Root Canal at 2019-03-10 , 10:30:00 is confirmed.', 'seen'),
(13, '116', 373, 'Your appointment for Root Canal at 2019-03-12 , 10:30:00 is confirmed.', 'seen'),
(13, '117', 374, 'Your appointment for Root Canal at 2019-03-12 , 10:30:00 is confirmed.', 'seen'),
(13, '118', 375, 'Your appointment for Root Canal at 2019-03-12 , 10:30:00 is confirmed.', 'seen'),
(13, '119', 376, 'Your appointment for Root Canal at 2019-03-12 , 09:00:00 is confirmed.', 'seen'),
(13, '120', 377, 'Your appointment for Root Canal at 2019-03-12 , 10:30:00 is confirmed.', 'seen'),
(13, '121', 378, 'Your appointment for Root Canal at 2019-03-12 , 10:30:00 is confirmed.', 'seen'),
(13, '122', 379, 'Your appointment for Root Canal at 2019-03-12 , 09:00:00 is confirmed.', 'seen'),
(13, '125', 380, 'Your appointment for Root Canal at 2019-03-23 , 10:30:00 is confirmed.', 'seen'),
(13, '127', 381, 'Your appointment for Root Canal at 2019-03-23 , 10:30:00 is confirmed.', 'seen'),
(13, '128', 382, 'Your appointment for Root Canal at 2019-03-24 , 10:30:00 is confirmed.', 'seen'),
(13, '129', 383, 'Your appointment for Root Canal at 2019-03-25 , 09:00:00 is confirmed.', 'seen'),
(13, '131', 384, 'Your appointment for Root Canal at 2019-03-28 , 10:30:00 is confirmed.', 'seen'),
(13, '132', 385, 'Your appointment for Root Canal at 2019-03-30 , 10:30:00 is confirmed.', 'seen'),
(13, '111', 386, 'Your appointment for Root Canal at 2019-03-10 , 10:30:00 is confirmed.', 'seen'),
(13, '113', 387, 'Your appointment for Root Canal at 2019-03-11 , 10:30:00 is confirmed.', 'seen'),
(13, '114', 388, 'Your appointment for Root Canal at 2019-03-10 , 10:30:00 is confirmed.', 'seen'),
(13, '116', 389, 'Your appointment for Root Canal at 2019-03-12 , 10:30:00 is confirmed.', 'seen'),
(13, '117', 390, 'Your appointment for Root Canal at 2019-03-12 , 10:30:00 is confirmed.', 'seen'),
(13, '118', 391, 'Your appointment for Root Canal at 2019-03-12 , 10:30:00 is confirmed.', 'seen'),
(13, '119', 392, 'Your appointment for Root Canal at 2019-03-12 , 09:00:00 is confirmed.', 'seen'),
(13, '120', 393, 'Your appointment for Root Canal at 2019-03-12 , 10:30:00 is confirmed.', 'seen'),
(13, '121', 394, 'Your appointment for Root Canal at 2019-03-12 , 10:30:00 is confirmed.', 'seen'),
(13, '122', 395, 'Your appointment for Root Canal at 2019-03-12 , 09:00:00 is confirmed.', 'seen'),
(13, '125', 396, 'Your appointment for Root Canal at 2019-03-23 , 10:30:00 is confirmed.', 'seen'),
(13, '127', 397, 'Your appointment for Root Canal at 2019-03-23 , 10:30:00 is confirmed.', 'seen'),
(13, '128', 398, 'Your appointment for Root Canal at 2019-03-24 , 10:30:00 is confirmed.', 'seen'),
(13, '129', 399, 'Your appointment for Root Canal at 2019-03-25 , 09:00:00 is confirmed.', 'seen'),
(13, '131', 400, 'Your appointment for Root Canal at 2019-03-28 , 10:30:00 is confirmed.', 'seen'),
(13, '132', 401, 'Your appointment for Root Canal at 2019-03-30 , 10:30:00 is approved.', 'seen'),
(13, '132', 402, 'Your appointment for Root Canal at 2019-03-30 , 10:30:00 is approved.', 'seen'),
(13, '132', 403, 'Your appointment for Root Canal at 2019-03-30 , 10:30:00 is confirmed.', 'seen'),
(13, '132', 404, 'Your appointment for Root Canal at 2019-03-30 , 10:30:00 is rescheduled. Please book again.', 'seen'),
(13, '132', 405, 'Your appointment for Root Canal at 2019-03-30 , 10:30:00 is rescheduled. Please book again.', 'seen'),
(13, '132', 406, 'Your appointment for Root Canal at 2019-03-30 , 10:30:00 is approved.', 'seen'),
(13, '133', 407, 'You have requested an appointment for Root Canal at 2019-03-30 , 10:30 am to 2:30 pm ', 'seen'),
(13, '132', 408, 'Your appointment for Root Canal at 2019-03-30 , 10:30:00 is approved.', 'seen'),
(13, '134', 409, 'You have requested an appointment for Root Canal at 2019-03-30 , 10:30 am to 2:30 pm ', 'unseen'),
(13, '134', 410, 'Your appointment for Root Canal at 2019-03-30 , 10:30:00 is approved.', 'unseen'),
(13, '135', 411, 'You have requested an appointment for Root Canal at 2019-03-30 , 9:00 pm to 10:00 pm ', 'unseen'),
(13, '135', 412, 'Your appointment for Root Canal at 2019-03-30 , 09:00:00 is approved.', 'unseen'),
(13, '111', 413, 'Your appointment for Root Canal at 2019-03-10 , 10:30:00 is confirmed.', 'unseen'),
(13, '113', 414, 'Your appointment for Root Canal at 2019-03-11 , 10:30:00 is confirmed.', 'unseen'),
(13, '114', 415, 'Your appointment for Root Canal at 2019-03-10 , 10:30:00 is confirmed.', 'unseen'),
(13, '116', 416, 'Your appointment for Root Canal at 2019-03-12 , 10:30:00 is confirmed.', 'unseen'),
(13, '117', 417, 'Your appointment for Root Canal at 2019-03-12 , 10:30:00 is confirmed.', 'unseen'),
(13, '118', 418, 'Your appointment for Root Canal at 2019-03-12 , 10:30:00 is confirmed.', 'unseen'),
(13, '119', 419, 'Your appointment for Root Canal at 2019-03-12 , 09:00:00 is confirmed.', 'unseen'),
(13, '120', 420, 'Your appointment for Root Canal at 2019-03-12 , 10:30:00 is confirmed.', 'unseen'),
(13, '121', 421, 'Your appointment for Root Canal at 2019-03-12 , 10:30:00 is confirmed.', 'unseen'),
(13, '122', 422, 'Your appointment for Root Canal at 2019-03-12 , 09:00:00 is confirmed.', 'unseen'),
(13, '125', 423, 'Your appointment for Root Canal at 2019-03-23 , 10:30:00 is confirmed.', 'unseen'),
(13, '127', 424, 'Your appointment for Root Canal at 2019-03-23 , 10:30:00 is confirmed.', 'unseen'),
(13, '128', 425, 'Your appointment for Root Canal at 2019-03-24 , 10:30:00 is confirmed.', 'unseen'),
(13, '129', 426, 'Your appointment for Root Canal at 2019-03-25 , 09:00:00 is confirmed.', 'unseen'),
(13, '131', 427, 'Your appointment for Root Canal at 2019-03-28 , 10:30:00 is confirmed.', 'unseen'),
(13, '133', 428, 'Your appointment for Root Canal at 2019-03-30 , 10:30:00 is confirmed.', 'unseen'),
(13, '135', 429, 'Your appointment for Root Canal at 2019-03-30 , 09:00:00 is confirmed.', 'unseen'),
(13, '111', 430, 'Your appointment for Root Canal at 2019-03-10 , 10:30:00 is confirmed.', 'unseen'),
(13, '113', 431, 'Your appointment for Root Canal at 2019-03-11 , 10:30:00 is confirmed.', 'unseen'),
(13, '114', 432, 'Your appointment for Root Canal at 2019-03-10 , 10:30:00 is confirmed.', 'unseen'),
(13, '116', 433, 'Your appointment for Root Canal at 2019-03-12 , 10:30:00 is confirmed.', 'unseen'),
(13, '117', 434, 'Your appointment for Root Canal at 2019-03-12 , 10:30:00 is confirmed.', 'unseen'),
(13, '118', 435, 'Your appointment for Root Canal at 2019-03-12 , 10:30:00 is confirmed.', 'unseen'),
(13, '119', 436, 'Your appointment for Root Canal at 2019-03-12 , 09:00:00 is confirmed.', 'unseen'),
(13, '120', 437, 'Your appointment for Root Canal at 2019-03-12 , 10:30:00 is confirmed.', 'unseen'),
(13, '121', 438, 'Your appointment for Root Canal at 2019-03-12 , 10:30:00 is confirmed.', 'unseen'),
(13, '122', 439, 'Your appointment for Root Canal at 2019-03-12 , 09:00:00 is confirmed.', 'unseen'),
(13, '125', 440, 'Your appointment for Root Canal at 2019-03-23 , 10:30:00 is confirmed.', 'unseen'),
(13, '127', 441, 'Your appointment for Root Canal at 2019-03-23 , 10:30:00 is confirmed.', 'unseen'),
(13, '128', 442, 'Your appointment for Root Canal at 2019-03-24 , 10:30:00 is confirmed.', 'unseen'),
(13, '129', 443, 'Your appointment for Root Canal at 2019-03-25 , 09:00:00 is confirmed.', 'unseen'),
(13, '131', 444, 'Your appointment for Root Canal at 2019-03-28 , 10:30:00 is confirmed.', 'unseen'),
(13, '133', 445, 'Your appointment for Root Canal at 2019-03-30 , 10:30:00 is confirmed.', 'unseen'),
(13, '135', 446, 'Your appointment for Root Canal at 2019-03-30 , 09:00:00 is rescheduled. Please book again.', 'unseen'),
(13, '136', 447, 'You have requested an appointment for Cleaning at 2019-03-30 , 10:30 am to 2:30 pm ', 'unseen'),
(13, '136', 448, 'Your appointment for Cleaning at 2019-03-30 , 10:30:00 is approved.', 'unseen'),
(13, '111', 449, 'Your appointment for Root Canal at 2019-03-10 , 10:30:00 is confirmed.', 'unseen'),
(13, '113', 450, 'Your appointment for Root Canal at 2019-03-11 , 10:30:00 is confirmed.', 'unseen'),
(13, '114', 451, 'Your appointment for Root Canal at 2019-03-10 , 10:30:00 is confirmed.', 'unseen'),
(13, '116', 452, 'Your appointment for Root Canal at 2019-03-12 , 10:30:00 is confirmed.', 'unseen'),
(13, '117', 453, 'Your appointment for Root Canal at 2019-03-12 , 10:30:00 is confirmed.', 'unseen'),
(13, '118', 454, 'Your appointment for Root Canal at 2019-03-12 , 10:30:00 is confirmed.', 'unseen'),
(13, '119', 455, 'Your appointment for Root Canal at 2019-03-12 , 09:00:00 is confirmed.', 'unseen'),
(13, '120', 456, 'Your appointment for Root Canal at 2019-03-12 , 10:30:00 is confirmed.', 'unseen'),
(13, '121', 457, 'Your appointment for Root Canal at 2019-03-12 , 10:30:00 is confirmed.', 'unseen'),
(13, '122', 458, 'Your appointment for Root Canal at 2019-03-12 , 09:00:00 is confirmed.', 'unseen'),
(13, '125', 459, 'Your appointment for Root Canal at 2019-03-23 , 10:30:00 is confirmed.', 'unseen'),
(13, '127', 460, 'Your appointment for Root Canal at 2019-03-23 , 10:30:00 is confirmed.', 'unseen'),
(13, '128', 461, 'Your appointment for Root Canal at 2019-03-24 , 10:30:00 is confirmed.', 'unseen'),
(13, '129', 462, 'Your appointment for Root Canal at 2019-03-25 , 09:00:00 is confirmed.', 'unseen'),
(13, '131', 463, 'Your appointment for Root Canal at 2019-03-28 , 10:30:00 is confirmed.', 'unseen'),
(13, '133', 464, 'Your appointment for Root Canal at 2019-03-30 , 10:30:00 is confirmed.', 'unseen'),
(13, '136', 465, 'Your appointment for Cleaning at 2019-03-30 , 10:30:00 is confirmed.', 'unseen'),
(13, '111', 466, 'Your appointment for Root Canal at 2019-03-10 , 10:30:00 is confirmed.', 'unseen'),
(13, '113', 467, 'Your appointment for Root Canal at 2019-03-11 , 10:30:00 is confirmed.', 'unseen'),
(13, '114', 468, 'Your appointment for Root Canal at 2019-03-10 , 10:30:00 is confirmed.', 'unseen'),
(13, '116', 469, 'Your appointment for Root Canal at 2019-03-12 , 10:30:00 is confirmed.', 'unseen'),
(13, '117', 470, 'Your appointment for Root Canal at 2019-03-12 , 10:30:00 is confirmed.', 'unseen'),
(13, '118', 471, 'Your appointment for Root Canal at 2019-03-12 , 10:30:00 is confirmed.', 'unseen'),
(13, '119', 472, 'Your appointment for Root Canal at 2019-03-12 , 09:00:00 is confirmed.', 'unseen'),
(13, '120', 473, 'Your appointment for Root Canal at 2019-03-12 , 10:30:00 is confirmed.', 'unseen'),
(13, '121', 474, 'Your appointment for Root Canal at 2019-03-12 , 10:30:00 is confirmed.', 'unseen'),
(13, '122', 475, 'Your appointment for Root Canal at 2019-03-12 , 09:00:00 is confirmed.', 'unseen'),
(13, '125', 476, 'Your appointment for Root Canal at 2019-03-23 , 10:30:00 is confirmed.', 'unseen'),
(13, '127', 477, 'Your appointment for Root Canal at 2019-03-23 , 10:30:00 is confirmed.', 'unseen'),
(13, '128', 478, 'Your appointment for Root Canal at 2019-03-24 , 10:30:00 is confirmed.', 'unseen'),
(13, '129', 479, 'Your appointment for Root Canal at 2019-03-25 , 09:00:00 is confirmed.', 'unseen'),
(13, '131', 480, 'Your appointment for Root Canal at 2019-03-28 , 10:30:00 is confirmed.', 'unseen'),
(13, '133', 481, 'Your appointment for Root Canal at 2019-03-30 , 10:30:00 is confirmed.', 'unseen'),
(13, '136', 482, 'Your appointment for Cleaning at 2019-03-30 , 10:30:00 is rescheduled. Please book again.', 'unseen'),
(13, '136', 483, 'Your appointment for Cleaning at 2019-03-30 , 10:30:00 is confirmed.', 'unseen'),
(13, '137', 484, 'You have requested an appointment for Root Canal at 2019-03-31 , 9:00 pm to 10:00 pm ', 'unseen'),
(13, '138', 485, 'You have requested an appointment for Root Canal at 2019-03-31 , 10:30 am to 2:30 pm ', 'unseen'),
(13, '139', 486, 'You have requested an appointment for Root Canal at 2019-03-31 , 10:30 am to 2:30 pm ', 'unseen'),
(13, '140', 487, 'You have requested an appointment for Root Canal at 2019-03-31 , 9:00 pm to 10:00 pm ', 'unseen'),
(13, '141', 488, 'You have requested an appointment for Root Canal at 2019-04-01 , 10:30 am to 2:30 pm ', 'unseen'),
(13, '142', 489, 'You have requested an appointment for Dental Implants at 2019-04-03 , 10:30 am to 11:00 am ', 'unseen'),
(13, '143', 490, 'You have requested an appointment for Root Canal at 2019-04-03 , 7:00 pm to 7:30 pm ', 'unseen'),
(13, '144', 491, 'You have requested an appointment for Root Canal at 2019-04-03 , 11:00 am to 11:30 am ', 'unseen'),
(13, '145', 492, 'You have requested an appointment for Root Canal at 2019-04-03 , 11:30 am to 12:00 pm ', 'unseen'),
(13, '146', 493, 'You have requested an appointment for Root Canal at 2019-04-03 , 12:00 pm to 12:30 pm ', 'unseen'),
(13, '147', 494, 'You have requested an appointment for Root Canal at 2019-04-03 , 12:30 pm to 1:00 pm ', 'unseen'),
(13, '119', 495, 'Your appointment for Root Canal at 2019-03-12 , 09:00:00 is approved.', 'unseen'),
(13, '148', 496, 'You have requested an appointment for Root Canal at 2019-04-04 , 1:00 pm to 1:30 pm ', 'unseen'),
(13, '149', 497, 'You have requested an appointment for Root Canal at 2019-04-04 , 11:00 am to 11:30 am ', 'unseen'),
(12, '150', 498, 'You have requested an appointment for Root Canal at 2019-04-06 , 6:30 pm to 7:00 pm ', 'seen'),
(12, '151', 499, 'You have requested an appointment for Tooth Extractions at 2019-04-08 , 12:00 pm to 12:30 pm ', 'seen'),
(12, '151', 500, 'Your appointment for Tooth Extractions at 2019-04-08 , 12:00:00 is approved.', 'seen'),
(12, '152', 501, 'You have requested an appointment for Cleaning at 2019-04-07 , 2:00 am to 2:30 pm ', 'seen'),
(12, '153', 502, 'You have requested an appointment for Root Canal at 2019-04-09 , 7:00 pm to 7:30 pm ', 'seen'),
(12, '154', 503, 'You have requested an appointment for Root Canal at 2019-04-10 , 10:30 am to 11:00 am ', 'seen'),
(12, '155', 504, 'You have requested an appointment for Root Canal at 2019-04-10 , 7:00 pm to 7:30 pm ', 'seen'),
(12, '155', 505, 'Your appointment for Root Canal at 2019-04-10 , 07:00:00 is approved.', 'seen'),
(12, '155', 506, 'Your appointment for Root Canal at 2019-04-10 , 07:00:00 is confirmed.', 'seen'),
(12, '155', 507, 'Your appointment for Root Canal at 2019-04-10 , 07:00:00 is confirmed.', 'seen'),
(12, '156', 508, 'You have requested an appointment for Tooth Extractions at 2019-04-12 , 5:30 pm to 6:00 pm ', 'seen'),
(12, '156', 509, 'Your appointment for Tooth Extractions at 2019-04-12 , 05:30:00 is approved.', 'seen'),
(12, '157', 510, 'You have requested an appointment for Root Canal at 2019-04-11 , 7:00 pm to 7:30 pm ', 'seen'),
(12, '157', 511, 'Your appointment for Root Canal at 2019-04-11 , 07:00:00 is approved.', 'seen');

-- --------------------------------------------------------

--
-- Table structure for table `patient`
--

CREATE TABLE `patient` (
  `id` int(255) NOT NULL,
  `uname` varchar(255) NOT NULL,
  `email` varchar(255) NOT NULL,
  `password` varchar(255) NOT NULL,
  `occupation` varchar(255) NOT NULL,
  `address` varchar(255) NOT NULL,
  `sex` varchar(255) NOT NULL,
  `dob` date NOT NULL,
  `contact1` int(12) NOT NULL,
  `contact2` int(12) NOT NULL
) ENGINE=InnoDB DEFAULT CHARSET=latin1;

--
-- Dumping data for table `patient`
--

INSERT INTO `patient` (`id`, `uname`, `email`, `password`, `occupation`, `address`, `sex`, `dob`, `contact1`, `contact2`) VALUES
(2, 'kishan', 'kk@gmail.com', '123', '', '', '', '0000-00-00', 0, 0),
(3, 'niraj', 'niraj@gmail.com', '123', '', '', '', '0000-00-00', 0, 0),
(4, 'noman', 'nouman@gmail.com', '123', '', '', '', '0000-00-00', 0, 0),
(5, 'nouman', 'nouman@gmail.com', '123', '', '', '', '0000-00-00', 0, 0),
(6, 'sudhanshu', 'sudhanshu@gmail.com', '123', '', '', '', '0000-00-00', 0, 0),
(7, 'umar', 'umar@gmail.com', '123', '', '', '', '0000-00-00', 0, 0),
(8, 'kks', 'kk@gmail.com', '123', '', '', '', '0000-00-00', 0, 0),
(9, 'kk', 'kk@gmail.com', '123', '', '', '', '0000-00-00', 0, 0),
(10, 'kks', 'kks@gmail.com', '1234', 'student', 'etah', 'male', '1999-02-10', 1234567890, 0),
(11, 'kk', 'shakyavivek2000@gmail.com', '202cb962ac59075b964b07152d234b70', 'student', 'etah', 'male', '2000-01-01', 1234567890, 0),
(12, 'abhi', 'abhi@gmail.com', '202cb962ac59075b964b07152d234b70', 'student', 'etah', 'male', '2004-01-01', 1234567890, 0),
(13, 'sudhanshu', 'sm@gmail.com', '202cb962ac59075b964b07152d234b70', 'student', 'c-29,Harsh vihar badarpur new delhi', 'male', '1999-01-22', 2147483647, 2147483647),
(14, 'pramod', 'pk2@gmail.com', '202cb962ac59075b964b07152d234b70', 'qwerty', 'qwertyuiop', 'male', '2019-03-05', 2147483647, 2147483647);

-- --------------------------------------------------------

--
-- Table structure for table `services`
--

CREATE TABLE `services` (
  `name` varchar(1000) NOT NULL,
  `price` varchar(1000) NOT NULL
) ENGINE=InnoDB DEFAULT CHARSET=latin1;

--
-- Dumping data for table `services`
--

INSERT INTO `services` (`name`, `price`) VALUES
('Root Canal', '200'),
('Tooth Extractions', '300'),
('Cleaning', '400'),
('Dental Implants', '500');

--
-- Indexes for dumped tables
--

--
-- Indexes for table `appointments`
--
ALTER TABLE `appointments`
  ADD PRIMARY KEY (`id`);

--
-- Indexes for table `doctors`
--
ALTER TABLE `doctors`
  ADD PRIMARY KEY (`doc_id`);

--
-- Indexes for table `notifications`
--
ALTER TABLE `notifications`
  ADD PRIMARY KEY (`id`);

--
-- Indexes for table `patient`
--
ALTER TABLE `patient`
  ADD PRIMARY KEY (`id`);

--
-- AUTO_INCREMENT for dumped tables
--

--
-- AUTO_INCREMENT for table `appointments`
--
ALTER TABLE `appointments`
  MODIFY `id` int(255) NOT NULL AUTO_INCREMENT, AUTO_INCREMENT=158;

--
-- AUTO_INCREMENT for table `doctors`
--
ALTER TABLE `doctors`
  MODIFY `doc_id` int(100) NOT NULL AUTO_INCREMENT, AUTO_INCREMENT=4;

--
-- AUTO_INCREMENT for table `notifications`
--
ALTER TABLE `notifications`
  MODIFY `id` int(100) NOT NULL AUTO_INCREMENT, AUTO_INCREMENT=512;

--
-- AUTO_INCREMENT for table `patient`
--
ALTER TABLE `patient`
  MODIFY `id` int(255) NOT NULL AUTO_INCREMENT, AUTO_INCREMENT=15;
COMMIT;

/*!40101 SET CHARACTER_SET_CLIENT=@OLD_CHARACTER_SET_CLIENT */;
/*!40101 SET CHARACTER_SET_RESULTS=@OLD_CHARACTER_SET_RESULTS */;
/*!40101 SET COLLATION_CONNECTION=@OLD_COLLATION_CONNECTION */;
